ticker,date,sector,pct_positive,pct_negative,pct_neutral,sentiment_score,uncertainty_rate,call_date,actual_date,CAR+1,CAR+5,CAR+10,CAR+20,CAR-1,CAR-5,CAR-10,event_day_CAR,label
AAPL,2023-02-02,Technology,0.38,0.12,0.5,0.26,7.1581,2023-02-02,2023-02-02,0.035029,0.023581,0.041113,0.033129,0.022506,0.01793,0.042549,0.035029,1
AAPL,2023-05-04,Technology,0.4067,0.1133,0.48,0.2933,6.7895,2023-05-04,2023-05-04,0.028414,0.030734,0.022511,0.036697,-0.002831,0.002095,0.011228,0.028414,1
AAPL,2023-08-03,Technology,0.4533,0.1133,0.4333,0.34,5.8097,2023-08-03,2023-08-03,-0.043498,-0.062521,-0.060625,-0.0193,-0.004456,-0.002543,-0.002762,-0.043498,0
AAPL,2023-11-02,Technology,0.5,0.0867,0.4133,0.4133,4.7202,2023-11-02,2023-11-02,-0.014304,0.020107,0.024576,0.012612,0.001529,0.019854,0.001872,-0.014304,1
AAPL,2024-02-01,Technology,0.48,0.0733,0.4467,0.4067,5.8176,2024-02-01,2024-02-01,-0.015933,-0.01083,-0.040985,-0.085649,0.000253,-0.040045,-0.036058,-0.015933,0
AAPL,2024-05-02,Technology,0.46,0.12,0.42,0.34,7.3379,2024-05-02,2024-05-02,0.047421,0.036715,0.05179,0.068351,0.012678,0.015424,0.024829,0.047421,1
AAPL,2024-08-01,Technology,0.4467,0.0667,0.4867,0.38,6.7385,2024-08-01,2024-08-01,0.025488,-0.000365,0.011791,0.025313,-0.00259,-0.004544,-0.0085,0.025488,1
AAPL,2024-10-31,Technology,0.4933,0.0333,0.4733,0.46,6.5223,2024-10-31,2024-10-31,-0.0175,-0.04048,-0.032118,-0.007927,0.001394,-0.001911,-0.003337,-0.0175,0
AAPL,2025-01-30,Technology,0.5,0.0333,0.4667,0.4667,7.529,2025-01-30,2025-01-30,-0.00137,-0.020509,0.009949,0.036956,-0.012762,0.070006,-0.021859,-0.00137,1
AAPL,2025-05-01,Technology,0.4467,0.0333,0.52,0.4133,8.5075,2025-05-01,2025-05-01,-0.052206,-0.086008,-0.064748,-0.112588,-0.003228,0.002208,0.035643,-0.052206,0
AAPL,2025-07-31,Technology,0.46,0.0467,0.4933,0.4133,5.4572,2025-07-31,2025-07-31,-0.008613,0.059759,0.102364,0.095023,-0.003328,-0.025269,-0.018098,-0.008613,1
AAPL,2025-10-30,Technology,0.5267,0.02,0.4533,0.5067,4.7342,2025-10-30,2025-10-30,-0.007075,0.007998,0.018145,0.02321,0.017301,0.033522,0.06774,-0.007075,1
ABT,2023-04-19,Healthcare,0.4067,0.0733,0.52,0.3333,4.7224,2023-04-19,2023-04-19,-0.011819,-0.00791,0.010058,-0.033534,0.078325,0.085418,0.084389,-0.011819,1
ABT,2023-07-20,Healthcare,0.46,0.0933,0.4467,0.3667,2.9871,2023-07-20,2023-07-20,0.021998,0.006647,-0.030975,-0.02656,0.049047,0.032134,0.019717,0.021998,0
ABT,2023-10-18,Healthcare,0.3667,0.0533,0.58,0.3133,3.9086,2023-10-18,2023-10-18,0.007531,0.008603,0.011794,-0.019723,0.050442,0.051234,-0.00848,0.007531,1
ABT,2024-01-24,Healthcare,0.4867,0.0667,0.4467,0.42,3.1689,2024-01-24,2024-01-24,0.009728,0.026657,-0.003255,0.028928,-0.029427,-0.055474,-0.036929,0.009728,0
ABT,2024-04-17,Healthcare,0.4467,0.0467,0.5067,0.4,5.3476,2024-04-17,2024-04-17,-0.003892,-0.000361,0.004082,-0.070766,-0.02439,-0.016286,-0.007316,-0.003892,1
ABT,2024-07-18,Healthcare,0.44,0.0533,0.5067,0.3867,4.531,2024-07-18,2024-07-18,0.026227,0.084643,0.118191,0.107882,-0.036354,-0.027491,-0.019073,0.026227,1
ABT,2024-10-16,Healthcare,0.42,0.0533,0.5267,0.3667,3.7927,2024-10-16,2024-10-16,0.000509,0.000527,-0.02467,-0.043225,0.010906,0.011976,0.018043,0.000509,0
ABT,2025-01-22,Healthcare,0.46,0.0733,0.4667,0.3867,5.5568,2025-01-22,2025-01-22,0.04073,0.093218,0.124904,0.12417,0.002855,0.005932,0.028789,0.04073,1
ABT,2025-04-16,Healthcare,0.42,0.0667,0.5133,0.3533,6.4378,2025-04-16,2025-04-16,0.008442,-0.042474,-0.053319,-0.095132,0.049799,0.067518,0.056488,0.008442,0
ABT,2025-07-17,Healthcare,0.3867,0.06,0.5533,0.3267,7.8984,2025-07-17,2025-07-17,0.026954,0.032411,0.0407,0.045849,-0.091363,-0.097477,-0.109609,0.026954,1
ABT,2025-10-15,Healthcare,0.46,0.0533,0.4867,0.4067,6.1216,2025-10-15,2025-10-15,-0.007249,-0.015541,-0.072185,-0.032243,-0.028784,-0.019815,-0.020899,-0.007249,0
ABT,2026-01-22,Healthcare,0.46,0.1,0.44,0.36,4.3715,2026-01-22,2026-01-22,-0.011319,-0.030547,0.020816,0.032493,-0.105613,-0.12472,-0.139872,-0.011319,1
AMZN,2023-04-27,Technology,0.32,0.1,0.58,0.22,4.9439,2023-04-27,2023-04-27,-0.048328,-0.035344,0.022169,0.041737,0.026196,0.056608,0.075025,-0.048328,1
AMZN,2023-08-03,Technology,0.3933,0.02,0.5867,0.3733,2.9928,2023-08-03,2023-08-03,0.087216,0.081386,0.067291,0.067228,0.008326,0.013213,-0.000693,0.087216,1
AMZN,2023-10-26,Technology,0.4333,0.0267,0.54,0.4067,3.6206,2023-10-26,2023-10-26,0.072861,0.110581,0.124274,0.123607,-0.003019,-0.03622,-0.047747,0.072861,1
AMZN,2024-02-01,Technology,0.4467,0.0267,0.5267,0.42,3.5651,2024-02-01,2024-02-01,0.068139,0.047655,0.039862,0.070566,0.013201,0.007301,0.01098,0.068139,1
AMZN,2024-04-30,Technology,0.3667,0.0467,0.5867,0.32,3.6769,2024-04-30,2024-04-30,0.026104,0.048428,0.0265,-0.007935,-0.017094,-0.018029,-0.042307,0.026104,1
AMZN,2024-08-01,Technology,0.3667,0.0467,0.5867,0.32,3.3362,2024-08-01,2024-08-01,-0.069229,-0.076494,-0.053731,-0.093171,-0.001402,0.01492,0.019203,-0.069229,0
AMZN,2024-10-31,Technology,0.4467,0.02,0.5333,0.4267,3.179,2024-10-31,2024-10-31,0.057636,0.079449,0.091095,0.055656,-0.013241,0.018407,0.017517,0.057636,1
AMZN,2025-02-06,Technology,0.4067,0.0467,0.5467,0.36,4.2673,2025-02-06,2025-02-06,-0.031377,-0.041047,-0.08264,-0.115586,0.007788,0.015742,0.02011,-0.031377,0
AMZN,2025-05-01,Technology,0.32,0.04,0.64,0.28,7.9809,2025-05-01,2025-05-01,-0.016001,-0.001916,0.021425,0.0225,0.024255,-0.001927,0.028618,-0.016001,1
AMZN,2025-07-31,Technology,0.3867,0.06,0.5533,0.3267,4.2218,2025-07-31,2025-07-31,-0.066306,-0.04717,-0.033731,-0.037364,0.020781,0.011784,0.039261,-0.066306,0
AMZN,2025-10-30,Technology,0.38,0.04,0.58,0.34,2.625,2025-10-30,2025-10-30,0.092565,0.104554,0.077509,0.04125,-0.021308,-0.004007,0.010072,0.092565,1
AMZN,2026-02-05,Technology,0.3667,0.02,0.6133,0.3467,2.7394,2026-02-05,2026-02-05,-0.074733,-0.109073,-0.07392,-0.034837,-0.031719,-0.055107,-0.033226,-0.074733,0
BAC,2023-04-18,Financial,0.42,0.08,0.5,0.34,3.5735,2023-04-18,2023-04-18,-0.016192,-0.036655,-0.070398,-0.095152,0.005604,0.053479,0.060972,-0.016192,0
BAC,2023-07-18,Financial,0.4933,0.08,0.4267,0.4133,3.6624,2023-07-18,2023-07-18,0.024812,0.044479,0.024925,0.000124,0.036787,0.03138,0.027935,0.024812,1
BAC,2023-10-17,Financial,0.36,0.1,0.54,0.26,4.0687,2023-10-17,2023-10-17,0.002101,-0.049426,-0.005474,0.028779,0.023388,0.019178,0.03177,0.002101,0
BAC,2024-01-12,Financial,0.3267,0.08,0.5933,0.2467,3.9293,2024-01-12,2024-01-12,-0.017061,-0.021825,-0.005913,-0.025978,-0.011251,-0.066063,-0.031856,-0.017061,0
BAC,2024-04-16,Financial,0.4467,0.08,0.4733,0.3667,3.9809,2024-04-16,2024-04-16,0.021778,0.102191,0.070264,0.070599,-0.033503,-0.050432,-0.040733,0.021778,1
BAC,2024-07-16,Financial,0.4,0.0733,0.5267,0.3267,4.1254,2024-07-16,2024-07-16,0.010622,-0.01936,-0.024112,-0.088085,0.047543,0.049163,0.06718,0.010622,0
BAC,2024-10-15,Financial,0.4867,0.1,0.4133,0.3867,3.6699,2024-10-15,2024-10-15,0.011316,-0.002309,0.005822,0.058749,0.013258,0.043815,0.054825,0.011316,1
BAC,2024-01-16,Financial,0.4133,0.0933,0.4933,0.32,4.6464,2024-01-16,2024-01-16,-0.004404,-0.000672,0.049521,-0.020708,-0.017061,-0.060414,-0.045236,-0.004404,1
BAC,2025-04-15,Financial,0.4733,0.0867,0.44,0.3867,6.2294,2025-04-15,2025-04-15,0.004855,0.024079,0.018259,0.084711,0.038798,0.001656,-0.042716,0.004855,1
BAC,2025-07-16,Financial,0.4533,0.06,0.4867,0.3933,3.94,2025-07-16,2025-07-16,0.015388,0.029836,0.025525,-0.006826,-0.005943,-0.017549,-0.054666,0.015388,1
BAC,2025-10-15,Financial,0.56,0.06,0.38,0.5,3.4939,2025-10-15,2025-10-15,-0.028385,-0.026525,-0.027667,0.007627,0.039282,0.060753,0.036478,-0.028385,0
BAC,2026-01-14,Financial,0.5067,0.0667,0.4267,0.44,4.4491,2026-01-14,2026-01-14,-0.000627,0.001427,0.006102,0.013929,-0.032855,-0.057925,-0.055527,-0.000627,1
BA,2023-04-26,Industrial,0.4133,0.0933,0.4933,0.32,4.6881,2023-04-26,2023-04-26,-0.005083,-0.019395,-0.031783,-0.035163,0.00839,-0.003599,-0.034802,-0.005083,0
BA,2024-04-24,Industrial,0.46,0.1,0.44,0.36,3.7893,2024-04-24,2024-04-24,0.018891,0.0534,0.074179,0.085255,-0.028193,-0.044255,-0.04204,0.018891,1
BA,2025-04-23,Industrial,0.4467,0.1133,0.44,0.3333,5.6478,2025-04-23,2025-04-23,0.001519,0.027352,0.028466,0.090314,0.045113,0.11242,0.15817,0.001519,1
BA,2023-07-26,Industrial,0.4467,0.12,0.4333,0.3267,4.6268,2023-07-26,2023-07-26,0.010711,0.005711,0.043162,0.009271,0.087087,0.115331,0.05099,0.010711,1
BA,2024-07-31,Industrial,0.4133,0.1267,0.46,0.2867,4.4485,2024-07-31,2024-07-31,-0.050319,-0.085178,-0.103132,-0.117953,0.00376,0.040777,0.042169,-0.050319,0
BA,2025-07-29,Industrial,0.5133,0.04,0.4467,0.4733,5.4973,2025-07-29,2025-07-29,0.000198,0.006079,0.017188,0.023119,-0.041058,-0.020681,-0.038132,0.000198,1
BA,2023-10-25,Industrial,0.3933,0.14,0.4667,0.2533,3.9626,2023-10-25,2023-10-25,0.019627,0.053311,0.032154,0.147588,-0.011037,-0.01344,-0.050519,0.019627,1
BA,2024-10-23,Industrial,0.26,0.18,0.56,0.08,5.8486,2024-10-23,2024-10-23,-0.014005,-0.021132,-0.085612,-0.091554,-0.008501,0.021346,0.05001,-0.014005,0
BA,2025-10-29,Industrial,0.4867,0.1067,0.4067,0.38,4.2577,2025-10-29,2025-10-29,-0.05221,-0.060455,-0.078818,-0.113608,-0.044138,-0.043232,-0.035368,-0.05221,0
BA,2024-01-31,Industrial,0.28,0.0733,0.6467,0.2067,4.2868,2024-01-31,2024-01-31,-0.018916,-0.027349,-0.068789,-0.086872,0.069201,-0.009259,0.016876,-0.018916,0
BA,2025-01-28,Industrial,0.4267,0.14,0.4333,0.2867,5.6169,2025-01-28,2025-01-28,-0.018692,-0.004186,0.013656,-0.010153,0.006365,0.010208,0.002486,-0.018692,1
BA,2026-01-27,Industrial,0.5667,0.0533,0.38,0.5133,5.3156,2026-01-27,2026-01-27,-0.012044,-0.038086,-0.00321,-0.054699,-0.019562,-0.044264,0.019333,-0.012044,0
BLK,2023-04-14,Financial,0.3533,0.1267,0.52,0.2267,4.8166,2023-04-14,2023-04-14,0.006581,-0.014399,-0.037531,-0.064762,0.033156,0.045223,0.024122,0.006581,0
BLK,2023-07-14,Financial,0.4933,0.0667,0.44,0.4267,4.7867,2023-07-14,2023-07-14,-0.003692,0.025384,-0.002843,-0.036451,-0.015287,0.039749,0.032364,-0.003692,0
BLK,2023-10-13,Financial,0.4667,0.1267,0.4067,0.34,7.9126,2023-10-13,2023-10-13,0.00189,0.003453,0.001123,0.038379,-0.008396,-0.036341,-0.038531,0.00189,1
BLK,2023-01-12,Financial,0.5,0.08,0.42,0.42,5.0166,2023-01-12,2023-01-12,-0.00384,-0.013527,-0.015044,-0.068299,-0.006233,0.028842,0.022684,-0.00384,0
BLK,2024-04-12,Financial,0.5,0.0533,0.4467,0.4467,4.1093,2024-04-12,2024-04-12,0.011991,0.013134,0.004389,0.024026,-0.014901,-0.02821,-0.060961,0.011991,1
BLK,2024-07-15,Financial,0.5067,0.04,0.4533,0.4667,6.8078,2024-07-15,2024-07-15,0.019563,0.036895,0.077486,0.06893,-0.008801,0.030215,0.01346,0.019563,1
BLK,2024-10-11,Financial,0.54,0.0333,0.4267,0.5067,5.0005,2024-10-11,2024-10-11,-0.006704,0.008281,-0.015418,0.017393,0.030293,0.03175,0.03347,-0.006704,0
BLK,2025-01-15,Financial,0.4933,0.0267,0.48,0.4667,3.7782,2025-01-15,2025-01-15,-0.01531,-0.024137,0.036899,-0.061046,0.033732,0.026006,-0.021622,-0.01531,1
BLK,2025-04-11,Financial,0.4267,0.0533,0.52,0.3733,7.0629,2025-04-11,2025-04-11,0.003009,0.009371,0.008112,-0.001683,0.005446,0.011549,-0.032655,0.003009,1
BLK,2025-07-15,Financial,0.4333,0.0667,0.5,0.3667,3.8111,2025-07-15,2025-07-15,0.031145,0.041036,0.050956,0.075413,-0.054478,-0.029748,-0.009889,0.031145,1
BLK,2025-10-14,Financial,0.48,0.02,0.5,0.46,5.7919,2025-10-14,2025-10-14,0.002535,-0.067488,-0.095531,-0.122215,0.035106,0.034332,0.03028,0.002535,0
BLK,2026-01-15,Financial,0.5067,0.04,0.4533,0.4667,3.4946,2026-01-15,2026-01-15,0.006475,-0.01877,-0.032213,-0.058455,0.056626,0.059216,0.065504,0.006475,0
CAT,2023-04-13,Industrial,0.5267,0.1133,0.36,0.4133,3.1275,2023-04-13,2023-04-13,0.01151,0.006552,-0.0253,-0.044127,-0.007977,0.02372,-0.036162,0.01151,0
CAT,2024-04-25,Industrial,0.4667,0.1733,0.36,0.2933,4.775,2024-04-25,2024-04-25,0.006444,-0.010633,0.007641,-0.007054,-0.066403,-0.060187,-0.060025,0.006444,1
CAT,2025-04-30,Industrial,0.3867,0.16,0.4533,0.2267,7.9568,2025-04-30,2025-04-30,0.008078,0.023713,0.070999,0.07345,0.005686,0.009933,0.027566,0.008078,1
CAT,2023-08-01,Industrial,0.6,0.0733,0.3267,0.5267,3.6504,2023-08-01,2023-08-01,0.010169,-0.003021,-0.009307,-0.013827,0.091409,0.099182,0.094535,0.010169,0
CAT,2024-08-06,Industrial,0.44,0.22,0.34,0.22,3.8168,2024-08-06,2024-08-06,0.004723,-0.000229,-0.018351,-0.023574,0.02121,-0.008091,0.005601,0.004723,0
CAT,2025-08-05,Industrial,0.44,0.16,0.4,0.28,5.267,2025-08-05,2025-08-05,-0.022652,-0.073,-0.06063,-0.069122,0.006292,0.021196,0.04226,-0.022652,0
CAT,2023-10-31,Industrial,0.56,0.08,0.36,0.48,3.4307,2023-10-31,2023-10-31,0.014905,-0.005548,0.02348,0.016454,-0.072807,-0.081352,-0.125762,0.014905,1
CAT,2024-10-30,Industrial,0.4,0.2333,0.3667,0.1667,4.5852,2024-10-30,2024-10-30,0.011587,0.080234,-0.008973,0.03205,-0.018316,-0.02032,-0.029139,0.011587,0
CAT,2025-10-29,Industrial,0.52,0.08,0.4,0.44,3.6707,2025-10-29,2025-10-29,0.007002,-0.013637,-0.015465,-0.008869,0.115866,0.10995,0.066065,0.007002,0
CAT,2024-02-05,Industrial,0.5667,0.1133,0.32,0.4533,5.0604,2024-02-05,2024-02-05,0.001204,-0.016399,-0.032381,0.008039,0.023667,0.057246,0.094559,0.001204,0
CAT,2025-01-30,Industrial,0.4667,0.2067,0.3267,0.26,4.2352,2025-01-30,2025-01-30,-0.004119,-0.02753,-0.064501,-0.064802,-0.051777,-0.069588,-0.016775,-0.004119,0
CAT,2026-01-29,Industrial,0.5533,0.06,0.3867,0.4933,2.9595,2026-01-29,2026-01-29,-0.008863,0.043306,0.158274,0.128233,0.036122,0.018612,0.038578,-0.008863,1
COP,2023-05-04,Energy,0.2933,0.02,0.6867,0.2733,5.189,2023-05-04,2023-05-04,0.012404,0.008708,0.005248,0.00042,0.020299,-0.020578,-0.045473,0.012404,1
COP,2024-05-02,Energy,0.3,0.04,0.66,0.26,4.2931,2024-05-02,2024-05-02,-0.012559,-0.020653,-0.060408,-0.085372,-0.026162,-0.063469,-0.054533,-0.012559,0
COP,2025-05-08,Energy,0.24,0.0733,0.6867,0.1667,5.3922,2025-05-08,2025-05-08,-0.001316,0.00166,-0.053941,-0.069969,0.005688,-0.031988,-0.066064,-0.001316,0
COP,2023-08-03,Energy,0.3467,0.0933,0.56,0.2533,4.0965,2023-08-03,2023-08-03,-0.006609,0.013833,0.047511,0.036274,-0.002325,0.001243,0.036933,-0.006609,1
COP,2024-08-01,Energy,0.3067,0.0733,0.62,0.2333,4.7006,2024-08-01,2024-08-01,-0.005554,0.021655,0.015098,0.034554,-0.011109,-0.032321,-0.053031,-0.005554,1
COP,2025-08-07,Energy,0.36,0.06,0.58,0.3,5.316,2025-08-07,2025-08-07,0.006349,0.01285,0.026766,-0.011649,-0.00464,-0.029008,-0.028163,0.006349,1
COP,2023-11-02,Energy,0.3533,0.0067,0.64,0.3467,4.7673,2023-11-02,2023-11-02,-0.027727,-0.071648,-0.122771,-0.116676,0.026692,-0.012782,-0.044653,-0.027727,0
COP,2024-10-31,Energy,0.3,0.04,0.66,0.26,4.9659,2024-10-31,2024-10-31,-0.01974,-0.02132,-0.005395,-0.063677,0.083305,0.067835,0.055479,-0.01974,0
COP,2025-11-06,Energy,0.3133,0.1467,0.54,0.1667,4.8129,2025-11-06,2025-11-06,0.012674,0.041314,0.05713,0.080947,-0.012532,-0.014134,-0.046909,0.012674,1
COP,2024-02-08,Energy,0.3267,0.0333,0.64,0.2933,4.4451,2024-02-08,2024-02-08,-0.029835,-0.025914,-0.033123,-0.027715,0.013625,0.003983,-0.004574,-0.029835,0
COP,2025-02-06,Energy,0.3067,0.04,0.6533,0.2667,5.3296,2025-02-06,2025-02-06,-0.006656,-0.036042,-0.001537,-0.035658,-0.00617,-0.017097,-0.033321,-0.006656,0
COP,2026-02-05,Energy,0.3733,0.0267,0.6,0.3467,4.9564,2026-02-05,2026-02-05,0.005963,0.050338,0.043632,0.131576,-0.01177,0.044865,0.100097,0.005963,1
CRM,2022-05-31,Technology,0.4733,0.0467,0.48,0.4267,5.1076,2022-05-31,2022-05-31,0.106878,0.16113,0.120865,0.13966,-0.023826,-0.040834,-0.055734,0.106878,1
CRM,2022-08-24,Technology,0.38,0.0267,0.5933,0.3533,4.8825,2022-08-24,2022-08-24,-0.048004,-0.088017,-0.096255,-0.07423,0.019583,-0.011873,-0.030549,-0.048004,0
CRM,2022-11-30,Technology,0.2467,0.0667,0.6867,0.18,6.7337,2022-11-30,2022-11-30,-0.081948,-0.150156,-0.138816,-0.117778,0.025,0.054247,-0.034292,-0.081948,0
CRM,2023-03-01,Technology,0.4867,0.0333,0.48,0.4533,4.7097,2023-03-01,2023-03-01,0.107191,0.082629,0.106811,0.154397,0.026695,0.033959,0.028023,0.107191,1
CRM,2023-05-31,Technology,0.4133,0.04,0.5467,0.3733,4.6463,2023-05-31,2023-05-31,-0.056417,-0.099834,-0.108845,-0.110354,0.026151,0.071931,0.073477,-0.056417,0
CRM,2023-08-30,Technology,0.2933,0.0267,0.68,0.2667,3.1019,2023-08-30,2023-08-30,0.031318,0.048489,0.018833,-0.008545,0.010412,0.010248,0.013029,0.031318,1
CRM,2023-11-29,Technology,0.2467,0.04,0.7133,0.2067,4.4122,2023-11-29,2023-11-29,0.089616,0.081198,0.08213,0.100121,0.024845,0.023925,0.028356,0.089616,1
CRM,2024-02-28,Technology,0.3133,0.0267,0.66,0.2867,3.4575,2024-02-28,2024-02-28,0.026595,0.00645,-0.001473,-0.029928,0.002223,0.039002,0.041576,0.026595,0
CRM,2024-05-29,Technology,0.3667,0.0267,0.6067,0.34,6.2881,2024-05-29,2024-05-29,-0.190737,-0.145477,-0.160881,-0.110983,0.013636,-0.032884,-0.024065,-0.190737,0
CRM,2024-08-28,Technology,0.1867,0.0467,0.7667,0.14,3.4989,2024-08-28,2024-08-28,-0.007389,-0.033797,-0.022774,0.038574,-0.014256,-0.00425,-0.012737,-0.007389,0
CRM,2024-12-03,Technology,0.1133,0.02,0.8667,0.0933,3.5861,2024-12-03,2024-12-03,0.103738,0.054308,0.058327,0.027466,0.000805,-0.033325,0.001691,0.103738,1
CRM,2025-02-26,Technology,0.2467,0.02,0.7333,0.2267,4.3512,2025-02-26,2025-02-26,-0.024483,-0.03067,-0.014029,-0.044936,0.004236,-0.022996,-0.034828,-0.024483,0
CVX,2023-04-28,Energy,0.3,0.0533,0.6467,0.2467,5.1253,2023-04-28,2023-04-28,-0.006939,-0.041716,-0.060511,-0.086896,0.001228,-0.012242,-0.030798,-0.006939,0
CVX,2024-04-26,Energy,0.3333,0.0733,0.5933,0.26,6.1629,2024-04-26,2024-04-26,-0.000889,-0.03996,-0.025173,-0.081138,-0.005783,0.010356,0.048666,-0.000889,0
CVX,2025-05-02,Energy,0.3333,0.0867,0.58,0.2467,6.7038,2025-05-02,2025-05-02,-0.015926,0.004197,-0.022423,-0.03843,0.001595,-0.030933,-0.072082,-0.015926,0
CVX,2023-07-28,Energy,0.26,0.12,0.62,0.14,3.7067,2023-07-28,2023-07-28,0.028246,0.024896,0.0579,0.048295,-0.014739,-0.009348,0.017439,0.028246,1
CVX,2024-08-02,Energy,0.3467,0.1133,0.54,0.2333,5.249,2024-08-02,2024-08-02,0.002937,-0.024134,-0.048793,-0.050652,-0.008049,-0.037661,-0.037295,0.002937,0
CVX,2025-08-01,Energy,0.4,0.0733,0.5267,0.3267,4.9434,2025-08-01,2025-08-01,-0.017577,-0.001022,-0.00092,0.03505,0.014808,0.001924,0.018402,-0.017577,0
CVX,2023-10-27,Energy,0.2,0.12,0.68,0.08,3.957,2023-10-27,2023-10-27,9.8e-05,-0.03588,-0.082578,-0.0961,-0.062672,-0.109795,-0.071889,9.8e-05,0
CVX,2024-11-01,Energy,0.4067,0.0733,0.52,0.3333,5.8615,2024-11-01,2024-11-01,0.008034,-0.022328,0.02879,0.01345,0.024337,0.028802,0.038568,0.008034,1
CVX,2025-10-31,Energy,0.2667,0.04,0.6933,0.2267,3.9389,2025-10-31,2025-10-31,-0.025209,-0.000859,0.014218,-0.019417,0.024078,0.006783,0.003715,-0.025209,1
CVX,2024-02-02,Energy,0.3733,0.0667,0.56,0.3067,3.7538,2024-02-02,2024-02-02,0.004232,-0.021739,0.016344,-0.04771,0.018886,0.006547,0.045595,0.004232,1
CVX,2025-01-31,Energy,0.4933,0.0533,0.4533,0.44,5.2237,2025-01-31,2025-01-31,0.007735,0.024735,0.039678,0.067515,-0.04029,-0.031388,-0.081142,0.007735,1
CVX,2026-01-30,Energy,0.4067,0.0533,0.54,0.3533,5.1642,2026-01-30,2026-01-30,-0.021195,0.024336,0.053435,0.090355,0.036337,0.057085,0.065027,-0.021195,1
GOOGL,2023-04-25,Technology,0.46,0.0133,0.5267,0.4467,5.3862,2023-04-25,2023-04-25,0.002887,0.002433,0.021759,0.160439,-0.004132,0.013408,-0.005354,0.002887,1
GOOGL,2023-07-25,Technology,0.4133,0.02,0.5667,0.3933,4.3668,2023-07-25,2023-07-25,0.057616,0.074142,0.089887,0.094178,0.002865,-0.015276,0.013946,0.057616,1
GOOGL,2023-10-24,Technology,0.3267,0.0133,0.66,0.3133,4.2378,2023-10-24,2023-10-24,-0.080742,-0.093299,-0.087876,-0.083222,0.009384,0.021903,0.030539,-0.080742,0
GOOGL,2024-01-30,Technology,0.42,0.0133,0.5667,0.4067,2.7378,2024-01-30,2024-01-30,-0.058686,-0.054888,-0.048225,-0.130875,-0.012581,0.017623,0.029347,-0.058686,0
GOOGL,2024-04-25,Technology,0.3133,0.0067,0.68,0.3067,2.3223,2024-04-25,2024-04-25,0.09277,0.065018,0.056359,0.067871,-0.01587,-0.008012,0.00662,0.09277,1
GOOGL,2024-07-23,Technology,0.4,0.0067,0.5933,0.3933,3.1081,2024-07-23,2024-07-23,-0.027725,-0.041988,-0.072153,-0.089252,0.002229,0.008034,-0.034376,-0.027725,0
GOOGL,2024-10-29,Technology,0.3933,0.0133,0.5933,0.38,4.1576,2024-10-29,2024-10-29,0.031196,0.009069,0.044361,-0.035753,0.016136,0.030149,0.022072,0.031196,1
GOOGL,2024-02-04,Technology,0.4333,0.0133,0.5533,0.42,2.9096,2024-02-04,2024-02-05,2e-05,0.009681,-0.026365,-0.106331,0.012772,-0.06664,-0.034646,2e-05,0
GOOGL,2024-04-24,Technology,0.42,0.0,0.58,0.42,3.5821,2024-04-24,2024-04-24,-0.015871,0.039735,0.041105,0.060084,0.005972,0.013832,0.036091,-0.015871,1
GOOGL,2025-07-23,Technology,0.3933,0.0067,0.6,0.3867,4.6371,2025-07-23,2025-07-23,0.009867,0.032724,0.03306,0.041635,-0.014309,0.023675,0.060794,0.009867,1
GOOGL,2025-10-29,Technology,0.4133,0.0,0.5867,0.4133,3.8601,2025-10-29,2025-10-29,0.036165,0.049745,0.050048,0.176493,0.026065,0.06157,0.060369,0.036165,1
GOOGL,2026-02-04,Technology,0.4333,0.0067,0.56,0.4267,4.1585,2026-02-04,2026-02-04,0.007114,-0.074707,-0.088158,-0.089453,-0.01479,0.004433,0.013038,0.007114,0
GS,2023-04-18,Financial,0.36,0.1533,0.4867,0.2067,7.846,2023-04-18,2023-04-18,0.009093,0.036309,0.006519,-0.029672,-0.017638,0.009019,0.0147,0.009093,1
GS,2023-07-19,Financial,0.3533,0.2067,0.44,0.1467,6.2201,2023-07-19,2023-07-19,0.036909,0.049268,0.042117,0.00059,0.007501,0.02277,0.036814,0.036909,1
GS,2023-10-17,Financial,0.3533,0.18,0.4667,0.1733,6.625,2023-10-17,2023-10-17,-0.010595,-0.00449,0.022283,0.065756,-0.015953,-0.020593,-0.023644,-0.010595,1
GS,2024-01-16,Financial,0.48,0.06,0.46,0.42,7.0179,2024-01-16,2024-01-16,-0.003036,-0.020067,-0.01673,-0.04479,0.010819,-0.022323,-0.012991,-0.003036,0
GS,2024-04-15,Financial,0.4467,0.0867,0.4667,0.36,7.2913,2024-04-15,2024-04-15,-0.008204,0.050461,0.06354,0.098782,0.041772,0.00398,0.003373,-0.008204,1
GS,2024-07-15,Financial,0.4467,0.0867,0.4667,0.36,6.7162,2024-07-15,2024-07-15,0.01599,0.001708,0.03086,0.036654,0.022986,0.047714,0.056427,0.01599,1
GS,2024-10-15,Financial,0.4533,0.08,0.4667,0.3733,6.1844,2024-10-15,2024-10-15,0.009973,-0.013916,0.000205,0.104876,0.007062,0.040444,0.046085,0.009973,1
GS,2025-01-15,Financial,0.5733,0.0267,0.4,0.5467,6.4488,2025-01-15,2025-01-15,0.013591,0.026792,0.04497,0.042422,0.041982,0.037423,0.048686,0.013591,1
GS,2025-04-14,Financial,0.5133,0.08,0.4067,0.4333,9.3197,2025-04-14,2025-04-14,0.010559,0.053784,0.060976,0.109568,0.009593,0.013764,-0.041214,0.010559,1
GS,2025-07-16,Financial,0.5533,0.06,0.3867,0.4933,7.7715,2025-07-16,2025-07-16,-0.010324,-0.00373,0.014534,0.017492,0.005639,0.017344,-0.007296,-0.010324,1
GS,2025-10-14,Financial,0.5,0.0333,0.4667,0.4667,6.8003,2025-10-14,2025-10-14,-0.008111,-0.028965,-0.009821,0.019949,-0.01914,-0.013625,-0.026205,-0.008111,0
GS,2026-01-15,Financial,0.6133,0.0067,0.38,0.6067,5.9584,2026-01-15,2026-01-15,-0.013365,-0.054041,-0.041061,-0.057316,0.043585,0.039931,0.09506,-0.013365,0
HON,2023-04-27,Industrial,0.6133,0.0667,0.32,0.5467,5.5853,2023-04-27,2023-04-27,-0.002342,0.005619,-0.017509,-0.032274,0.02048,0.008167,0.016397,-0.002342,0
HON,2024-04-25,Industrial,0.6067,0.0733,0.32,0.5333,3.4505,2024-04-25,2024-04-25,-0.007246,0.000153,0.006297,-0.006158,-0.005288,0.002205,0.008456,-0.007246,1
HON,2025-04-29,Industrial,0.52,0.1,0.38,0.42,9.1717,2025-04-29,2025-04-29,-0.005078,-0.015458,-0.026845,0.00719,0.047672,0.014797,0.027936,-0.005078,0
HON,2023-07-27,Industrial,0.6067,0.1267,0.2667,0.48,6.59,2023-07-27,2023-07-27,-0.016002,-0.021973,-0.01925,-0.017643,-0.05027,-0.056225,-0.065451,-0.016002,0
HON,2024-07-25,Industrial,0.6067,0.06,0.3333,0.5467,2.545,2024-07-25,2024-07-25,-0.009767,0.001978,0.001422,-0.03908,-0.047212,-0.044138,-0.025243,-0.009767,1
HON,2025-07-24,Industrial,0.5467,0.08,0.3733,0.4667,5.4435,2025-07-24,2025-07-24,-0.005294,-0.0058,-0.031772,-0.02819,-0.062144,-0.068429,-0.065649,-0.005294,0
HON,2023-10-26,Industrial,0.6133,0.1333,0.2533,0.48,5.8434,2023-10-26,2023-10-26,0.009872,0.01476,-0.002186,0.001386,0.000576,-0.001521,0.005839,0.009872,0
HON,2024-10-24,Industrial,0.5333,0.16,0.3067,0.3733,5.4076,2024-10-24,2024-10-24,-0.004916,0.001944,0.011911,0.061664,-0.053175,-0.042257,-0.026465,-0.004916,1
HON,2025-10-23,Industrial,0.5733,0.08,0.3467,0.4933,6.1281,2025-10-23,2025-10-23,-0.028701,-0.049867,-0.05589,-0.061363,0.062121,0.069303,0.079603,-0.028701,0
HON,2024-02-01,Industrial,0.5933,0.0467,0.36,0.5467,5.1045,2024-02-01,2024-02-01,-0.016609,-0.038155,-0.022942,-0.035917,-0.037562,-0.028316,-0.040765,-0.016609,0
HON,2025-02-06,Industrial,0.5533,0.04,0.4067,0.5133,4.8753,2025-02-06,2025-02-06,-0.01134,-0.027309,0.020626,0.078011,-0.059828,-0.06567,-0.064569,-0.01134,1
HON,2026-01-29,Industrial,0.6067,0.0733,0.32,0.5333,4.5636,2026-01-29,2026-01-29,0.004215,0.052747,0.073803,0.088871,0.050914,0.013776,0.061324,0.004215,1
INTC,2023-04-27,Technology,0.5133,0.0867,0.4,0.4267,4.0303,2023-04-27,2023-04-27,0.031652,0.068152,-0.028853,-0.084058,0.007975,-0.033691,-0.068087,0.031652,0
INTC,2023-07-27,Technology,0.6067,0.0533,0.34,0.5533,2.8548,2023-07-27,2023-07-27,0.056201,0.017328,0.021916,-0.01886,0.01216,0.034676,0.013559,0.056201,1
INTC,2023-10-26,Technology,0.5867,0.0133,0.4,0.5733,2.7593,2023-10-26,2023-10-26,0.097399,0.115146,0.114578,0.252605,0.002532,-0.05576,-0.068585,0.097399,1
INTC,2024-01-25,Technology,0.64,0.0267,0.3333,0.6133,3.8823,2024-01-25,2024-01-25,-0.117801,-0.127322,-0.160851,-0.170461,0.003932,0.035901,0.019749,-0.117801,0
INTC,2024-04-25,Technology,0.56,0.0467,0.3933,0.5133,3.1132,2024-04-25,2024-04-25,-0.10147,-0.134076,-0.172627,-0.184413,0.02148,-0.00595,-0.038956,-0.10147,0
INTC,2024-08-01,Technology,0.5733,0.1267,0.3,0.4467,4.2139,2024-08-01,2024-08-01,-0.241967,-0.267428,-0.301788,-0.330911,-0.040816,-0.07446,-0.149445,-0.241967,0
INTC,2024-10-31,Technology,0.52,0.12,0.36,0.4,3.4881,2024-10-31,2024-10-31,0.073846,0.171437,0.11965,0.057932,-0.015374,-0.018406,-0.017456,0.073846,1
INTC,2025-01-30,Technology,0.48,0.0067,0.5133,0.4733,3.9584,2025-01-30,2025-01-30,-0.023664,-0.0336,0.198145,0.203856,0.007797,-0.064598,-0.005976,-0.023664,1
INTC,2025-04-24,Technology,0.36,0.1333,0.5067,0.2267,5.9597,2025-04-24,2025-04-24,-0.074233,-0.091813,-0.056404,-0.110324,0.022662,0.077518,0.00166,-0.074233,0
INTC,2025-07-24,Technology,0.4533,0.0933,0.4533,0.36,4.2166,2025-07-24,2025-07-24,-0.089509,-0.121367,-0.12296,0.036663,-0.036942,-0.017615,-0.0637,-0.089509,0
INTC,2025-10-23,Technology,0.6067,0.02,0.3733,0.5867,3.5477,2025-10-23,2025-10-23,-0.005028,0.040398,-0.02195,-0.090347,0.027656,0.018998,0.00863,-0.005028,0
INTC,2026-01-22,Technology,0.5267,0.0667,0.4067,0.46,2.849,2026-01-22,2026-01-22,-0.17065,-0.111542,-0.095441,-0.188613,-0.003933,0.116941,0.27509,-0.17065,0
JNJ,2023-04-18,Healthcare,0.44,0.1133,0.4467,0.3267,7.7556,2023-04-18,2023-04-18,0.009609,0.045527,0.033103,-0.000812,-0.02878,-0.030804,0.018589,0.009609,1
JNJ,2023-07-20,Healthcare,0.4733,0.0667,0.46,0.4067,5.5,2023-07-20,2023-07-20,0.010749,0.03085,0.020808,0.068577,0.067363,0.054433,0.013479,0.010749,1
JNJ,2023-10-17,Healthcare,0.4467,0.1067,0.4467,0.34,5.2315,2023-10-17,2023-10-17,-0.008201,-0.00272,-0.008781,-0.083157,-0.009095,-0.01774,-0.029399,-0.008201,0
JNJ,2024-01-23,Healthcare,0.4267,0.0667,0.5067,0.36,5.4956,2024-01-23,2024-01-23,-0.006412,-0.018944,-0.02976,-0.025003,-0.019289,-0.025332,-0.032266,-0.006412,0
JNJ,2024-04-16,Healthcare,0.4267,0.1,0.4733,0.3267,4.0095,2024-04-16,2024-04-16,0.008133,0.031165,0.004047,0.008712,-0.019451,-0.021076,-0.054686,0.008133,1
JNJ,2024-07-17,Healthcare,0.48,0.06,0.46,0.42,4.8632,2024-07-17,2024-07-17,0.000277,0.026292,0.019118,0.035817,0.050906,0.055651,0.057801,0.000277,1
JNJ,2024-10-15,Healthcare,0.44,0.08,0.48,0.36,5.1587,2024-10-15,2024-10-15,-0.00325,-0.010067,-0.027869,-0.099364,0.02324,0.016083,-0.006601,-0.00325,0
JNJ,2025-01-22,Healthcare,0.4267,0.1067,0.4667,0.32,4.9222,2025-01-22,2025-01-22,0.003973,0.048111,0.068506,0.101496,-0.025061,-0.038061,-0.007404,0.003973,1
JNJ,2025-04-15,Healthcare,0.48,0.04,0.48,0.44,5.6564,2025-04-15,2025-04-15,0.024116,0.015531,-0.01398,-0.140226,-0.001993,-0.05871,0.044056,0.024116,0
JNJ,2025-07-16,Healthcare,0.44,0.0333,0.5267,0.4067,4.4148,2025-07-16,2025-07-16,-0.017043,0.010213,-0.001354,0.025389,0.058589,0.054133,0.046187,-0.017043,0
JNJ,2025-10-14,Healthcare,0.54,0.0133,0.4467,0.5267,4.1732,2025-10-14,2025-10-14,-0.002763,-0.008284,-0.058034,-0.015749,0.00096,0.020674,0.035214,-0.002763,0
JNJ,2026-01-21,Healthcare,0.5133,0.0333,0.4533,0.48,4.7679,2026-01-21,2026-01-21,-0.003021,0.02992,0.074349,0.133905,-0.012458,0.032472,0.073819,-0.003021,1
JPM,2023-04-14,Financial,0.3267,0.1867,0.4867,0.14,9.2904,2023-04-14,2023-04-14,0.004341,0.013677,-0.011945,-0.031265,0.077953,0.080343,0.064272,0.004341,0
JPM,2023-07-14,Financial,0.3533,0.1467,0.5,0.2067,8.2431,2023-07-14,2023-07-14,0.020631,0.028131,0.030668,0.039327,0.006669,0.013153,0.025878,0.020631,1
JPM,2023-10-13,Financial,0.3267,0.2,0.4733,0.1267,8.8973,2023-10-13,2023-10-13,-0.011535,-0.010228,-0.034925,-0.03172,0.02,0.015423,0.018675,-0.011535,0
JPM,2024-01-12,Financial,0.4133,0.12,0.4667,0.2933,8.8003,2024-01-12,2024-01-12,-0.002599,-0.007932,-0.008839,-0.011108,-0.008033,-0.037413,-0.001198,-0.002599,0
JPM,2024-04-12,Financial,0.3133,0.1667,0.52,0.1467,8.6068,2024-04-12,2024-04-12,0.013075,0.04718,0.063607,0.067867,-0.050875,-0.059626,-0.058734,0.013075,1
JPM,2024-07-12,Financial,0.3533,0.08,0.5667,0.2733,8.8229,2024-07-12,2024-07-12,0.022184,0.04326,0.063389,0.052412,-0.018407,-0.008914,0.009744,0.022184,1
JPM,2024-10-11,Financial,0.32,0.1533,0.5267,0.1667,7.5057,2024-10-11,2024-10-11,-0.011822,0.005212,0.001022,0.033975,0.038411,0.040891,0.048289,-0.011822,1
JPM,2025-01-15,Financial,0.3933,0.1,0.5067,0.2933,8.8985,2025-01-15,2025-01-15,0.009532,0.025266,0.042246,0.066393,0.00153,0.030701,0.052139,0.009532,1
JPM,2025-04-11,Financial,0.3267,0.08,0.5933,0.2467,12.0459,2025-04-11,2025-04-11,-0.015967,0.007045,-0.00195,0.00911,0.022182,0.066543,0.017696,-0.015967,0
JPM,2025-07-15,Financial,0.2733,0.1,0.6267,0.1733,8.5045,2025-07-15,2025-07-15,-0.005891,0.006229,0.01552,-0.011045,-0.003174,0.01043,-0.013772,-0.005891,1
JPM,2025-10-14,Financial,0.2667,0.08,0.6533,0.1867,10.024,2025-10-14,2025-10-14,0.007511,-0.0302,-0.026637,0.013459,-0.017904,-0.007935,-0.031738,0.007511,0
JPM,2026-01-13,Financial,0.2,0.0733,0.7267,0.1267,5.8185,2026-01-13,2026-01-13,-0.004831,-0.016433,-0.034961,0.002352,-0.039882,-0.073692,-0.043966,-0.004831,0
META,2023-04-26,Technology,0.3467,0.04,0.6133,0.3067,4.5657,2023-04-26,2023-04-26,0.119347,0.122897,0.092089,0.173471,0.013149,-0.005592,-0.012452,0.119347,1
META,2023-07-26,Technology,0.3333,0.06,0.6067,0.2733,4.5062,2023-07-26,2023-07-26,0.05064,0.064529,0.043666,0.012895,0.01377,-0.055869,-0.056093,0.05064,1
META,2023-10-25,Technology,0.28,0.0533,0.6667,0.2267,4.575,2023-10-25,2023-10-25,-0.02535,0.028893,0.020426,0.050348,-0.027305,-0.025594,-0.043279,-0.02535,1
META,2024-02-01,Technology,0.3,0.0333,0.6667,0.2667,4.6807,2024-02-01,2024-02-01,0.192649,0.171893,0.19989,0.22536,-0.001195,0.001672,0.02291,0.192649,1
META,2024-04-24,Technology,0.3467,0.02,0.6333,0.3267,3.8351,2024-04-24,2024-04-24,-0.101814,-0.100039,-0.065658,-0.100435,-0.004766,-0.011065,-0.03371,-0.101814,0
META,2024-07-31,Technology,0.3333,0.02,0.6467,0.3133,4.0902,2024-07-31,2024-07-31,0.06241,0.088042,0.122183,0.07475,0.008875,0.011696,0.038799,0.06241,1
META,2024-10-30,Technology,0.4133,0.0267,0.56,0.3867,3.9894,2024-10-30,2024-10-30,-0.021323,-0.05239,-0.049559,-0.070636,0.000531,0.046373,0.029956,-0.021323,0
META,2025-01-29,Technology,0.3467,0.0267,0.6267,0.32,4.1057,2025-01-29,2025-01-29,0.010169,0.037947,0.069694,0.000872,0.007686,0.092623,0.104692,0.010169,1
META,2025-04-30,Technology,0.3333,0.02,0.6467,0.3133,4.1627,2025-04-30,2025-04-30,0.03519,0.075166,0.141421,0.11092,-0.010209,0.019511,0.021201,0.03519,1
META,2025-07-30,Technology,0.42,0.0267,0.5533,0.3933,2.4003,2025-07-30,2025-07-30,0.116278,0.113089,0.105639,0.05586,-0.005583,-0.026138,-0.027359,0.116278,1
META,2025-10-29,Technology,0.4267,0.0133,0.56,0.4133,2.9987,2025-10-29,2025-10-29,-0.102349,-0.139679,-0.183957,-0.145847,-0.000174,-0.004438,0.014145,-0.102349,0
META,2026-01-28,Technology,0.3867,0.0267,0.5867,0.36,3.1671,2026-01-28,2026-01-28,0.106032,0.013661,0.004916,-0.008725,-0.0062,0.076365,0.057264,0.106032,1
MSFT,2022-10-25,Technology,0.4067,0.02,0.5733,0.3867,3.0835,2022-10-25,2022-10-25,-0.069622,-0.088684,-0.079345,-0.058623,-0.002177,0.013828,0.036041,-0.069622,0
MSFT,2023-01-24,Technology,0.46,0.0267,0.5133,0.4333,3.7453,2023-01-24,2023-01-24,-0.006283,0.008147,0.067981,0.045876,-0.001153,0.000922,0.033876,-0.006283,1
MSFT,2023-04-25,Technology,0.4733,0.0,0.5267,0.4733,3.3256,2023-04-25,2023-04-25,0.076671,0.097166,0.102718,0.127429,-0.006662,-0.02528,-0.017315,0.076671,1
MSFT,2023-07-25,Technology,0.48,0.02,0.5,0.46,3.2181,2023-07-25,2023-07-25,-0.037791,-0.043995,-0.056341,-0.04135,0.014279,-0.026424,0.026338,-0.037791,0
MSFT,2023-10-24,Technology,0.38,0.0,0.62,0.38,2.3635,2023-10-24,2023-10-24,0.04503,0.03575,0.059368,0.061026,-0.003865,0.023809,0.031624,0.04503,1
MSFT,2024-01-30,Technology,0.4333,0.0267,0.54,0.4067,3.0225,2024-01-30,2024-01-30,-0.010629,-0.013882,-0.012054,-0.031594,-0.001985,0.011855,0.013337,-0.010629,0
MSFT,2024-04-25,Technology,0.4267,0.0267,0.5467,0.4,3.4927,2024-04-25,2024-04-25,0.00877,-0.006066,0.000151,0.02737,-0.020696,-0.020884,-0.039499,0.00877,1
MSFT,2024-07-30,Technology,0.4,0.0067,0.5933,0.3933,2.5968,2024-07-30,2024-07-30,-0.027061,-0.018493,-0.021142,-0.055795,-0.003862,-0.028025,-0.018704,-0.027061,0
MSFT,2024-10-30,Technology,0.44,0.0067,0.5533,0.4333,1.8983,2024-10-30,2024-10-30,-0.040924,-0.04757,-0.046567,-0.052546,0.004368,0.015181,0.043368,-0.040924,0
MSFT,2025-01-29,Technology,0.4733,0.0333,0.4933,0.44,2.0049,2025-01-29,2025-01-29,-0.067176,-0.069657,-0.077836,-0.082957,-0.006407,-0.001039,0.030437,-0.067176,0
MSFT,2025-04-30,Technology,0.4467,0.0267,0.5267,0.42,4.3155,2025-04-30,2025-04-30,0.069167,0.084447,0.08633,0.098547,0.002699,0.020034,-0.006785,0.069167,1
MSFT,2025-07-30,Technology,0.3667,0.0067,0.6267,0.36,2.5492,2025-07-30,2025-07-30,0.043226,0.025444,-0.002138,-0.030223,0.002566,0.014175,-0.001334,0.043226,0
MS,2023-04-19,Financial,0.4533,0.1533,0.3933,0.3,10.343,2023-04-19,2023-04-19,0.005236,0.001393,-0.040126,-0.066903,0.006847,0.043342,0.052991,0.005236,0
MS,2023-07-18,Financial,0.4467,0.1867,0.3667,0.26,8.6957,2023-07-18,2023-07-18,0.011046,0.024222,-0.00677,-0.02932,0.057059,0.055646,0.040563,0.011046,0
MS,2023-10-18,Financial,0.4467,0.18,0.3733,0.2667,5.9928,2023-10-18,2023-10-18,-0.017389,-0.017047,-0.023354,0.03185,-0.05452,-0.036947,-0.0663,-0.017389,0
MS,2024-01-16,Financial,0.4533,0.0933,0.4533,0.36,6.5643,2024-01-16,2024-01-16,-0.012587,-0.011952,-0.004428,-0.054018,-0.037912,-0.081328,-0.07727,-0.012587,0
MS,2024-04-16,Financial,0.62,0.0533,0.3267,0.5667,6.8912,2024-04-16,2024-04-16,0.016464,0.047619,0.031567,0.085916,0.026539,-0.022103,-0.008999,0.016464,1
MS,2024-07-16,Financial,0.6533,0.06,0.2867,0.5933,7.8868,2024-07-16,2024-07-16,0.020988,-0.005992,0.017311,-0.040942,0.00319,0.018918,0.035404,0.020988,1
MS,2024-10-16,Financial,0.5733,0.0533,0.3733,0.52,5.8565,2024-10-16,2024-10-16,-0.000672,-0.00289,-0.009372,0.094081,0.060615,0.087079,0.119791,-0.000672,0
MS,2025-01-16,Financial,0.5467,0.02,0.4333,0.5267,6.844,2025-01-16,2025-01-16,0.005128,-0.012801,0.008867,-0.000597,0.042214,0.05853,0.070771,0.005128,1
MS,2025-04-11,Financial,0.52,0.0867,0.3933,0.4333,12.6059,2025-04-11,2025-04-11,-0.000545,0.020737,0.039639,0.092741,-0.003394,0.02632,-0.023428,-0.000545,1
MS,2025-07-16,Financial,0.64,0.08,0.28,0.56,6.9209,2025-07-16,2025-07-16,0.001821,0.001308,0.020437,0.031244,-0.016056,-0.01269,-0.01971,0.001821,1
MS,2025-10-15,Financial,0.6333,0.0333,0.3333,0.6,7.7663,2025-10-15,2025-10-15,-0.009359,-0.031805,-0.02492,0.023681,0.042618,0.056769,0.041621,-0.009359,0
MS,2026-01-15,Financial,0.4867,0.02,0.4933,0.4667,6.5229,2026-01-15,2026-01-15,-0.010353,-0.059606,-0.038423,-0.084917,0.055082,0.031508,0.062036,-0.010353,0
NVDA,2022-05-25,Technology,0.36,0.0667,0.5733,0.2933,5.0725,2022-05-25,2022-05-25,0.031624,0.103787,0.053194,0.023214,0.041988,-0.011877,0.008982,0.031624,1
NVDA,2022-08-24,Technology,0.2667,0.1267,0.6067,0.14,5.9727,2022-08-24,2022-08-24,0.026006,-0.078865,-0.155298,-0.178776,-0.000815,-0.030281,-0.033303,0.026006,0
NVDA,2022-11-16,Technology,0.3133,0.06,0.6267,0.2533,6.1566,2022-11-16,2022-11-16,-0.011585,0.020652,0.047103,0.080483,-0.037733,0.097921,0.148672,-0.011585,1
NVDA,2023-02-22,Technology,0.3667,0.0867,0.5467,0.28,4.422,2023-02-22,2023-02-22,0.134895,0.103204,0.164369,0.287916,0.006171,-0.062343,-0.023895,0.134895,1
NVDA,2023-05-24,Technology,0.32,0.04,0.64,0.28,3.495,2023-05-24,2023-05-24,0.235037,0.276211,0.217299,0.3246,0.002357,0.021899,0.06149,0.235037,1
NVDA,2023-08-23,Technology,0.4,0.04,0.56,0.36,3.5812,2023-08-23,2023-08-23,0.014856,0.027577,-0.022598,-0.106536,0.020569,0.075764,0.113307,0.014856,0
NVDA,2023-11-21,Technology,0.4467,0.0133,0.54,0.4333,4.1676,2023-11-21,2023-11-21,-0.028448,-0.039077,-0.092127,-0.073876,-0.007045,-0.004318,0.049405,-0.028448,0
NVDA,2024-02-21,Technology,0.3733,0.0267,0.6,0.3467,2.7261,2024-02-21,2024-02-21,0.143313,0.132839,0.28946,0.289409,-0.029415,-0.070887,-0.017546,0.143313,1
NVDA,2024-05-22,Technology,0.4,0.04,0.56,0.36,3.2394,2024-05-22,2024-05-22,0.100501,0.177398,0.265218,0.302104,-0.001692,0.003287,0.025752,0.100501,1
NVDA,2024-08-28,Technology,0.4,0.0133,0.5867,0.3867,3.5866,2024-08-28,2024-08-28,-0.063938,-0.13092,-0.052842,-0.040635,-0.015161,-0.018352,0.037011,-0.063938,0
NVDA,2024-11-20,Technology,0.4,0.0267,0.5733,0.3733,4.0709,2024-11-20,2024-11-20,-2.2e-05,-0.086421,-0.032987,-0.096743,-0.007958,0.008604,0.002836,-2.2e-05,0
NVDA,2025-02-26,Technology,0.3933,0.0467,0.56,0.3467,4.4866,2025-02-26,2025-02-26,-0.068819,-0.087181,-0.058296,-0.092605,0.036216,-0.027096,0.006347,-0.068819,0
PFE,2023-05-02,Healthcare,0.4267,0.0733,0.5,0.3533,7.4861,2023-05-02,2023-05-02,-0.008753,-0.015068,-0.040795,-0.033156,0.007414,-0.018587,-0.028609,-0.008753,0
PFE,2023-08-01,Healthcare,0.4467,0.0867,0.4667,0.36,9.1586,2023-08-01,2023-08-01,0.006609,0.017776,0.023593,0.0312,-0.009618,-0.030704,-0.011479,0.006609,1
PFE,2023-10-31,Healthcare,0.34,0.1267,0.5333,0.2133,5.5561,2023-10-31,2023-10-31,-0.012301,-0.022209,-0.102634,-0.0895,-0.005953,0.01709,-0.026001,-0.012301,0
PFE,2024-01-30,Healthcare,0.4533,0.1267,0.42,0.3267,5.3103,2024-01-30,2024-01-30,0.018538,0.01147,-0.008349,-0.03057,-0.015966,-0.04773,-0.065151,0.018538,0
PFE,2024-05-01,Healthcare,0.56,0.0867,0.3533,0.4733,7.1353,2024-05-01,2024-05-01,0.009778,0.006447,0.01751,0.008686,0.064137,0.044652,0.069636,0.009778,1
PFE,2024-07-30,Healthcare,0.6067,0.02,0.3733,0.5867,5.2351,2024-07-30,2024-07-30,-0.043333,-0.029321,-0.080991,-0.117962,0.026876,0.100357,0.119555,-0.043333,0
PFE,2024-10-29,Healthcare,0.5,0.0,0.5,0.5,5.3732,2024-10-29,2024-10-29,0.005133,-0.0078,-0.091474,-0.112907,-0.015478,-0.010519,-0.03672,0.005133,0
PFE,2025-02-04,Healthcare,0.5533,0.0333,0.4133,0.52,6.993,2025-02-04,2025-02-04,0.017979,-0.019008,-0.017755,0.033814,-0.019304,-0.028365,-0.010744,0.017979,0
PFE,2024-04-29,Healthcare,0.56,0.0467,0.3933,0.5133,9.1898,2024-04-29,2024-04-29,0.015061,0.085521,0.10466,0.081669,0.005907,-0.044302,-0.021542,0.015061,1
PFE,2025-08-05,Healthcare,0.6067,0.0067,0.3867,0.6,6.0505,2025-08-05,2025-08-05,-0.040791,-0.027481,0.004176,-0.023496,0.056919,0.029994,0.00289,-0.040791,1
PFE,2025-11-04,Healthcare,0.58,0.0533,0.3667,0.5267,6.5782,2025-11-04,2025-11-04,0.009292,0.056788,0.088218,0.057982,-0.002745,0.00904,-0.028017,0.009292,1
PFE,2026-02-03,Healthcare,0.5133,0.0267,0.46,0.4867,6.8845,2026-02-03,2026-02-03,0.044037,0.067645,0.066787,0.039365,-0.024928,-0.018978,0.009075,0.044037,1
T,2023-04-20,Telecom,0.5467,0.0467,0.4067,0.5,4.1378,2023-04-20,2023-04-20,0.031518,-0.003553,-0.025538,-0.080168,-0.098604,-0.111886,-0.110082,0.031518,0
T,2024-04-24,Telecom,0.4933,0.1067,0.4,0.3867,4.5468,2024-04-24,2024-04-24,-0.009883,0.016555,-0.005461,-0.00727,0.019262,0.033094,0.021723,-0.009883,0
T,2025-04-23,Telecom,0.5267,0.0667,0.4067,0.46,4.7267,2025-04-23,2025-04-23,-0.008545,-0.016953,-0.014588,-0.078306,-0.006964,-0.007199,-0.037182,-0.008545,0
T,2023-07-26,Telecom,0.5133,0.06,0.4267,0.4533,3.75,2023-07-26,2023-07-26,-0.01889,-0.024455,-0.020212,-0.021628,0.005927,0.019881,-0.036489,-0.01889,0
T,2024-07-24,Telecom,0.5733,0.1067,0.32,0.4667,4.4709,2024-07-24,2024-07-24,0.006776,-0.013003,0.046399,-0.015993,0.074831,0.028208,0.058202,0.006776,1
T,2025-07-23,Telecom,0.5867,0.0667,0.3467,0.52,3.9021,2025-07-23,2025-07-23,0.005795,-0.009403,-0.007114,0.048986,0.003528,0.01368,-0.018852,0.005795,0
T,2023-10-19,Telecom,0.5733,0.0133,0.4133,0.56,4.8276,2023-10-19,2023-10-19,0.020152,0.023375,0.020645,-0.015184,0.074429,0.072728,0.044107,0.020152,1
T,2024-10-23,Telecom,0.48,0.1133,0.4067,0.3667,5.2643,2024-10-23,2024-10-23,-0.015057,-0.024393,-0.030137,-0.006526,0.055184,0.04333,0.03723,-0.015057,0
T,2025-10-22,Telecom,0.6133,0.06,0.3267,0.5533,3.9104,2025-10-22,2025-10-22,-0.042329,-0.045382,-0.053393,-0.003217,-0.013995,-0.0239,-0.008299,-0.042329,0
T,2024-01-23,Telecom,0.5867,0.0333,0.38,0.5533,3.3203,2024-01-23,2024-01-23,-0.030762,0.007342,0.005623,-0.036525,0.020298,0.024712,-0.012933,-0.030762,1
T,2025-01-27,Telecom,0.5,0.0333,0.4667,0.4667,4.5778,2025-01-27,2025-01-27,0.002178,0.007226,0.020683,0.112536,0.076645,0.080001,0.080431,0.002178,1
T,2026-01-28,Telecom,0.56,0.0333,0.4067,0.5267,3.6849,2026-01-28,2026-01-28,0.046023,0.144141,0.187775,0.14964,0.046622,0.009636,0.030669,0.046023,1
UNH,2023-04-14,Healthcare,0.52,0.02,0.46,0.5,5.291,2023-04-14,2023-04-14,-0.016172,-0.054021,-0.046905,-0.038063,-0.024998,-0.00998,0.067077,-0.016172,0
UNH,2023-07-14,Healthcare,0.5,0.04,0.46,0.46,6.607,2023-07-14,2023-07-14,0.004671,0.048442,0.030353,0.066059,0.073029,0.015808,-0.017667,0.004671,1
UNH,2023-10-13,Healthcare,0.4933,0.0267,0.48,0.4667,4.8213,2023-10-13,2023-10-13,-0.013062,0.000961,0.020924,-0.017757,0.031354,0.023238,0.060431,-0.013062,1
UNH,2024-01-12,Healthcare,0.5,0.04,0.46,0.46,3.8396,2024-01-12,2024-01-12,-0.000854,-0.03054,-0.063148,-0.058398,-0.034361,-0.048253,-0.006437,-0.000854,0
UNH,2024-04-16,Healthcare,0.42,0.1333,0.4467,0.2867,6.4138,2024-04-16,2024-04-16,0.027458,0.032664,0.034663,0.056687,0.05402,0.050352,0.052973,0.027458,1
UNH,2024-07-16,Healthcare,0.3867,0.1133,0.5,0.2733,5.3563,2024-07-16,2024-07-16,0.058494,0.030237,0.0905,0.086622,0.059072,0.099076,0.073819,0.058494,1
UNH,2024-10-15,Healthcare,0.42,0.0733,0.5067,0.3467,5.3783,2024-10-15,2024-10-15,0.022708,0.018288,0.007066,0.075417,-0.07335,-0.055017,-0.065932,0.022708,1
UNH,2025-01-16,Healthcare,0.34,0.0733,0.5867,0.2667,5.0425,2025-01-16,2025-01-16,-0.011666,0.01533,0.04527,-0.005221,-0.05849,-0.030205,-0.000136,-0.011666,1
UNH,2025-04-17,Healthcare,0.44,0.1133,0.4467,0.3267,5.4159,2025-04-17,2025-04-17,-0.039574,-0.124138,-0.195984,-0.48596,-0.225223,-0.239508,-0.140567,-0.039574,0
UNH,2025-07-29,Healthcare,0.3533,0.1667,0.48,0.1867,6.6408,2025-07-29,2025-07-29,0.020296,-0.027096,-0.009781,0.13518,-0.071976,-0.09456,-0.126124,0.020296,0
UNH,2025-10-28,Healthcare,0.5133,0.0867,0.4,0.4267,6.3489,2025-10-28,2025-10-28,-0.03468,-0.083411,-0.103894,-0.09546,0.002426,-0.016732,-0.015518,-0.03468,0
UNH,2026-01-27,Healthcare,0.5333,0.12,0.3467,0.4133,5.2549,2026-01-27,2026-01-27,0.040143,0.013805,-0.028688,0.00867,-0.200037,-0.191104,-0.170249,0.040143,0
VZ,2023-04-25,Telecom,0.5467,0.1,0.3533,0.4467,3.0469,2023-04-25,2023-04-25,-0.005952,-0.001802,-0.004705,-0.048143,0.021264,-0.022488,-0.045615,-0.005952,0
VZ,2024-04-22,Telecom,0.5467,0.0333,0.42,0.5133,5.4472,2024-04-22,2024-04-22,0.016631,0.01791,-0.014807,-0.021336,-0.055887,-0.02827,-0.023398,0.016631,0
VZ,2025-04-22,Telecom,0.5733,0.02,0.4067,0.5533,5.326,2025-04-22,2025-04-22,-0.026841,-0.056899,-0.037611,-0.100571,-0.019961,-0.003039,-0.014725,-0.026841,0
VZ,2023-07-25,Telecom,0.6,0.0733,0.3267,0.5267,5.2691,2023-07-25,2023-07-25,0.002767,-0.02594,-0.034084,0.00759,0.004921,0.058295,-0.050771,0.002767,0
VZ,2024-07-22,Telecom,0.5867,0.06,0.3533,0.5267,3.0321,2024-07-22,2024-07-22,-0.003548,0.041878,0.085359,0.033268,-0.071098,-0.029425,-0.042214,-0.003548,1
VZ,2025-07-21,Telecom,0.6333,0.0533,0.3133,0.58,2.3994,2025-07-21,2025-07-21,0.010918,-0.016053,0.007009,0.021608,0.038505,0.015548,-0.004225,0.010918,1
VZ,2023-10-24,Telecom,0.62,0.0533,0.3267,0.5667,4.0783,2023-10-24,2023-10-24,-0.003432,0.037016,0.016418,0.016039,0.085165,0.116959,0.105082,-0.003432,1
VZ,2024-10-22,Telecom,0.2733,0.0133,0.7133,0.26,2.6191,2024-10-22,2024-10-22,0.041909,-0.001439,0.005566,-0.001604,-0.049812,-0.057318,-0.060021,0.041909,1
VZ,2025-10-29,Telecom,0.4933,0.06,0.4467,0.4333,3.8323,2025-10-29,2025-10-29,-0.020089,0.001339,0.020507,0.027879,0.022154,-0.019034,-0.037615,-0.020089,1
VZ,2024-01-23,Telecom,0.6133,0.04,0.3467,0.5733,4.4214,2024-01-23,2024-01-23,-0.023589,-0.006754,-0.045568,-0.05223,0.064037,0.05392,0.049258,-0.023589,0
VZ,2025-01-24,Telecom,0.46,0.02,0.52,0.44,3.7712,2025-01-24,2025-01-24,0.041965,0.006322,0.020442,0.113298,0.012108,0.003698,0.002052,0.041965,1
VZ,2026-01-30,Telecom,0.5867,0.0067,0.4067,0.58,3.4949,2026-01-30,2026-01-30,-0.00295,0.042158,0.115623,0.13072,0.121295,0.122543,0.131488,-0.00295,1
WMT,2023-05-18,Consumer,0.46,0.0933,0.4467,0.3667,4.5381,2023-05-18,2023-05-18,-0.008844,-0.024132,-0.038224,-0.025345,0.003341,-0.028003,-0.028158,-0.008844,0
WMT,2023-08-17,Consumer,0.5333,0.0333,0.4333,0.5,3.49,2023-08-17,2023-08-17,0.013906,0.006332,0.012221,0.037674,-0.014796,-0.006942,0.00902,0.013906,1
WMT,2023-11-16,Consumer,0.44,0.1133,0.4467,0.3267,5.5946,2023-11-16,2023-11-16,-0.005666,-0.011133,-0.030596,-0.064162,-0.082151,-0.085851,-0.102473,-0.005666,0
WMT,2024-02-20,Consumer,0.4467,0.0533,0.5,0.3933,2.748,2024-02-20,2024-02-20,-0.013188,-0.003925,0.003248,0.000546,0.03779,0.041072,0.034142,-0.013188,1
WMT,2024-05-16,Consumer,0.5267,0.0333,0.44,0.4933,3.7222,2024-05-16,2024-05-16,0.008561,0.01813,0.029836,0.020373,0.071922,0.042688,0.028877,0.008561,1
WMT,2024-08-15,Consumer,0.5,0.0333,0.4667,0.4667,2.6293,2024-08-15,2024-08-15,0.004308,0.030044,0.037704,0.088369,0.048691,0.039334,0.030048,0.004308,1
WMT,2024-11-19,Consumer,0.4933,0.0267,0.48,0.4667,3.3046,2024-11-19,2024-11-19,0.006359,0.036854,0.061238,0.089458,0.026316,0.030001,0.011312,0.006359,1
WMT,2025-02-20,Consumer,0.52,0.0333,0.4467,0.4867,4.7331,2025-02-20,2025-02-20,-0.007893,0.037178,0.035278,-0.043728,-0.061128,-0.073405,-0.061435,-0.007893,1
WMT,2022-05-17,Consumer,0.4467,0.1133,0.44,0.3333,4.0288,2022-05-17,2022-05-17,-0.027599,-0.019628,-0.048028,-0.019814,-0.134328,-0.142648,-0.116257,-0.027599,0
WMT,2022-08-16,Consumer,0.46,0.0933,0.4467,0.3667,3.9516,2022-08-16,2022-08-16,0.008174,0.001846,0.023847,0.049755,0.049097,0.041579,0.001966,0.008174,1
WMT,2022-11-15,Consumer,0.3933,0.0533,0.5533,0.34,5.0378,2022-11-15,2022-11-15,0.014818,0.025287,0.010714,-0.003756,0.056866,-0.010602,0.004251,0.014818,1
WMT,2023-02-21,Consumer,0.5133,0.0667,0.42,0.4467,5.749,2023-02-21,2023-02-21,-0.019595,-0.028204,-0.052789,-0.046359,0.026139,0.043015,0.073477,-0.019595,0
